--------------------------------------------------------
-- Archivo creado  - viernes-julio-10-2020   
--------------------------------------------------------
--------------------------------------------------------
--  DDL for Table EMPLEADO
--------------------------------------------------------

  CREATE TABLE "TDIGITAL"."EMPLEADO" 
   (	"IDEMPLEADO" NUMBER(*,0), 
	"NOMBREEMPLEADO" VARCHAR2(4000 BYTE), 
	"FECHAINGRESO" DATE
   ) SEGMENT CREATION IMMEDIATE 
  PCTFREE 10 PCTUSED 40 INITRANS 1 MAXTRANS 255 NOCOMPRESS LOGGING
  STORAGE(INITIAL 65536 NEXT 1048576 MINEXTENTS 1 MAXEXTENTS 2147483645
  PCTINCREASE 0 FREELISTS 1 FREELIST GROUPS 1 BUFFER_POOL DEFAULT FLASH_CACHE DEFAULT CELL_FLASH_CACHE DEFAULT)
  TABLESPACE "SYSTEM" ;
--------------------------------------------------------
--  DDL for Table EMPLEADOEJ2
--------------------------------------------------------

  CREATE TABLE "TDIGITAL"."EMPLEADOEJ2" 
   (	"IDEMPLEADO" NUMBER(*,0), 
	"NOMBRE" VARCHAR2(4000 BYTE), 
	"APELLIDO" VARCHAR2(4000 BYTE), 
	"DIRECCION" VARCHAR2(4000 BYTE), 
	"TELEFONO" VARCHAR2(4000 BYTE), 
	"IDDEPARTAMENTO" NUMBER(*,0)
   ) SEGMENT CREATION IMMEDIATE 
  PCTFREE 10 PCTUSED 40 INITRANS 1 MAXTRANS 255 NOCOMPRESS LOGGING
  STORAGE(INITIAL 65536 NEXT 1048576 MINEXTENTS 1 MAXEXTENTS 2147483645
  PCTINCREASE 0 FREELISTS 1 FREELIST GROUPS 1 BUFFER_POOL DEFAULT FLASH_CACHE DEFAULT CELL_FLASH_CACHE DEFAULT)
  TABLESPACE "SYSTEM" ;
--------------------------------------------------------
--  DDL for Table PRESTACIONSERVICIO
--------------------------------------------------------

  CREATE TABLE "TDIGITAL"."PRESTACIONSERVICIO" 
   (	"IDPRESTACIONSERVICIO" NUMBER(*,0), 
	"IDSERVICIO" NUMBER(*,0), 
	"IDEMPLEADO" NUMBER(*,0), 
	"IDVEHICULO" NUMBER(*,0), 
	"FECHA" DATE, 
	"SERVICIO_IDSERVICIO" NUMBER(*,0), 
	"EMPLEADO_IDEMPLEADO" NUMBER(*,0), 
	"VEHICULO_IDVEHICULO" NUMBER(*,0)
   ) SEGMENT CREATION IMMEDIATE 
  PCTFREE 10 PCTUSED 40 INITRANS 1 MAXTRANS 255 NOCOMPRESS LOGGING
  STORAGE(INITIAL 65536 NEXT 1048576 MINEXTENTS 1 MAXEXTENTS 2147483645
  PCTINCREASE 0 FREELISTS 1 FREELIST GROUPS 1 BUFFER_POOL DEFAULT FLASH_CACHE DEFAULT CELL_FLASH_CACHE DEFAULT)
  TABLESPACE "SYSTEM" ;
--------------------------------------------------------
--  DDL for Table SERVICIO
--------------------------------------------------------

  CREATE TABLE "TDIGITAL"."SERVICIO" 
   (	"IDSERVICIO" NUMBER(*,0), 
	"NOMBRESERVICIO" VARCHAR2(4000 BYTE), 
	"VALORSERVICIO" FLOAT(126)
   ) SEGMENT CREATION IMMEDIATE 
  PCTFREE 10 PCTUSED 40 INITRANS 1 MAXTRANS 255 NOCOMPRESS LOGGING
  STORAGE(INITIAL 65536 NEXT 1048576 MINEXTENTS 1 MAXEXTENTS 2147483645
  PCTINCREASE 0 FREELISTS 1 FREELIST GROUPS 1 BUFFER_POOL DEFAULT FLASH_CACHE DEFAULT CELL_FLASH_CACHE DEFAULT)
  TABLESPACE "SYSTEM" ;
--------------------------------------------------------
--  DDL for Table VEHICULO
--------------------------------------------------------

  CREATE TABLE "TDIGITAL"."VEHICULO" 
   (	"IDVEHICULO" NUMBER(*,0), 
	"MARCAVEHICULO" VARCHAR2(4000 BYTE), 
	"MODELOVEHICULO" VARCHAR2(4000 BYTE)
   ) SEGMENT CREATION IMMEDIATE 
  PCTFREE 10 PCTUSED 40 INITRANS 1 MAXTRANS 255 NOCOMPRESS LOGGING
  STORAGE(INITIAL 65536 NEXT 1048576 MINEXTENTS 1 MAXEXTENTS 2147483645
  PCTINCREASE 0 FREELISTS 1 FREELIST GROUPS 1 BUFFER_POOL DEFAULT FLASH_CACHE DEFAULT CELL_FLASH_CACHE DEFAULT)
  TABLESPACE "SYSTEM" ;
REM INSERTING into TDIGITAL.EMPLEADO
SET DEFINE OFF;
Insert into TDIGITAL.EMPLEADO (IDEMPLEADO,NOMBREEMPLEADO,FECHAINGRESO) values ('1','Juan Salgado',to_date('01/10/18','DD/MM/RR'));
Insert into TDIGITAL.EMPLEADO (IDEMPLEADO,NOMBREEMPLEADO,FECHAINGRESO) values ('2','Pedro Joan',to_date('25/11/19','DD/MM/RR'));
Insert into TDIGITAL.EMPLEADO (IDEMPLEADO,NOMBREEMPLEADO,FECHAINGRESO) values ('3','Mariela Sanchez',to_date('04/08/16','DD/MM/RR'));
Insert into TDIGITAL.EMPLEADO (IDEMPLEADO,NOMBREEMPLEADO,FECHAINGRESO) values ('4','Carolina Herrera',to_date('04/10/18','DD/MM/RR'));
Insert into TDIGITAL.EMPLEADO (IDEMPLEADO,NOMBREEMPLEADO,FECHAINGRESO) values ('5','Barbara Barrientos',to_date('11/11/18','DD/MM/RR'));
Insert into TDIGITAL.EMPLEADO (IDEMPLEADO,NOMBREEMPLEADO,FECHAINGRESO) values ('6','Alfredo Morgado',to_date('14/10/18','DD/MM/RR'));
Insert into TDIGITAL.EMPLEADO (IDEMPLEADO,NOMBREEMPLEADO,FECHAINGRESO) values ('7','Mario Kempes',to_date('20/11/18','DD/MM/RR'));
Insert into TDIGITAL.EMPLEADO (IDEMPLEADO,NOMBREEMPLEADO,FECHAINGRESO) values ('8','Alexis Sanchez',to_date('19/10/18','DD/MM/RR'));
Insert into TDIGITAL.EMPLEADO (IDEMPLEADO,NOMBREEMPLEADO,FECHAINGRESO) values ('9','Arturo Vidal',to_date('04/07/18','DD/MM/RR'));
Insert into TDIGITAL.EMPLEADO (IDEMPLEADO,NOMBREEMPLEADO,FECHAINGRESO) values ('10','Marcela Arrayan',to_date('07/11/18','DD/MM/RR'));
REM INSERTING into TDIGITAL.EMPLEADOEJ2
SET DEFINE OFF;
Insert into TDIGITAL.EMPLEADOEJ2 (IDEMPLEADO,NOMBRE,APELLIDO,DIRECCION,TELEFONO,IDDEPARTAMENTO) values ('1','Mario','Arrabal','Providencia 2020','98704563','1');
Insert into TDIGITAL.EMPLEADOEJ2 (IDEMPLEADO,NOMBRE,APELLIDO,DIRECCION,TELEFONO,IDDEPARTAMENTO) values ('2','Rafaela','Carra','Santa Lucia 22','8890765','2');
Insert into TDIGITAL.EMPLEADOEJ2 (IDEMPLEADO,NOMBRE,APELLIDO,DIRECCION,TELEFONO,IDDEPARTAMENTO) values ('3','Patricio','Malo','La Carrera 903','7699807','3');
Insert into TDIGITAL.EMPLEADOEJ2 (IDEMPLEADO,NOMBRE,APELLIDO,DIRECCION,TELEFONO,IDDEPARTAMENTO) values ('4','Manuela','Palma','La Paja 39','7090805','4');
REM INSERTING into TDIGITAL.PRESTACIONSERVICIO
SET DEFINE OFF;
Insert into TDIGITAL.PRESTACIONSERVICIO (IDPRESTACIONSERVICIO,IDSERVICIO,IDEMPLEADO,IDVEHICULO,FECHA,SERVICIO_IDSERVICIO,EMPLEADO_IDEMPLEADO,VEHICULO_IDVEHICULO) values ('1','6','9','4',to_date('04/10/18','DD/MM/RR'),null,null,null);
Insert into TDIGITAL.PRESTACIONSERVICIO (IDPRESTACIONSERVICIO,IDSERVICIO,IDEMPLEADO,IDVEHICULO,FECHA,SERVICIO_IDSERVICIO,EMPLEADO_IDEMPLEADO,VEHICULO_IDVEHICULO) values ('2','4','10','6',to_date('07/11/18','DD/MM/RR'),null,null,null);
Insert into TDIGITAL.PRESTACIONSERVICIO (IDPRESTACIONSERVICIO,IDSERVICIO,IDEMPLEADO,IDVEHICULO,FECHA,SERVICIO_IDSERVICIO,EMPLEADO_IDEMPLEADO,VEHICULO_IDVEHICULO) values ('3','8','4','2',to_date('10/10/18','DD/MM/RR'),null,null,null);
Insert into TDIGITAL.PRESTACIONSERVICIO (IDPRESTACIONSERVICIO,IDSERVICIO,IDEMPLEADO,IDVEHICULO,FECHA,SERVICIO_IDSERVICIO,EMPLEADO_IDEMPLEADO,VEHICULO_IDVEHICULO) values ('4','3','4','6',to_date('28/11/18','DD/MM/RR'),null,null,null);
Insert into TDIGITAL.PRESTACIONSERVICIO (IDPRESTACIONSERVICIO,IDSERVICIO,IDEMPLEADO,IDVEHICULO,FECHA,SERVICIO_IDSERVICIO,EMPLEADO_IDEMPLEADO,VEHICULO_IDVEHICULO) values ('5','2','7','8',to_date('26/11/18','DD/MM/RR'),null,null,null);
Insert into TDIGITAL.PRESTACIONSERVICIO (IDPRESTACIONSERVICIO,IDSERVICIO,IDEMPLEADO,IDVEHICULO,FECHA,SERVICIO_IDSERVICIO,EMPLEADO_IDEMPLEADO,VEHICULO_IDVEHICULO) values ('6','3','2','3',to_date('02/10/18','DD/MM/RR'),null,null,null);
Insert into TDIGITAL.PRESTACIONSERVICIO (IDPRESTACIONSERVICIO,IDSERVICIO,IDEMPLEADO,IDVEHICULO,FECHA,SERVICIO_IDSERVICIO,EMPLEADO_IDEMPLEADO,VEHICULO_IDVEHICULO) values ('7','1','3','2',to_date('27/11/18','DD/MM/RR'),null,null,null);
REM INSERTING into TDIGITAL.SERVICIO
SET DEFINE OFF;
Insert into TDIGITAL.SERVICIO (IDSERVICIO,NOMBRESERVICIO,VALORSERVICIO) values ('1','Lavado','20000');
Insert into TDIGITAL.SERVICIO (IDSERVICIO,NOMBRESERVICIO,VALORSERVICIO) values ('2','Engrase','17000');
Insert into TDIGITAL.SERVICIO (IDSERVICIO,NOMBRESERVICIO,VALORSERVICIO) values ('3','Alineacion','40000');
Insert into TDIGITAL.SERVICIO (IDSERVICIO,NOMBRESERVICIO,VALORSERVICIO) values ('4','Frenos','120000');
Insert into TDIGITAL.SERVICIO (IDSERVICIO,NOMBRESERVICIO,VALORSERVICIO) values ('5','Cambio Aceite','50000');
Insert into TDIGITAL.SERVICIO (IDSERVICIO,NOMBRESERVICIO,VALORSERVICIO) values ('6','Cambio Correa Distribucion','75500');
Insert into TDIGITAL.SERVICIO (IDSERVICIO,NOMBRESERVICIO,VALORSERVICIO) values ('7','Reparacion Ventanillas','82300');
Insert into TDIGITAL.SERVICIO (IDSERVICIO,NOMBRESERVICIO,VALORSERVICIO) values ('8','Instalacion Alarma','98500');
REM INSERTING into TDIGITAL.VEHICULO
SET DEFINE OFF;
Insert into TDIGITAL.VEHICULO (IDVEHICULO,MARCAVEHICULO,MODELOVEHICULO) values ('1','Chevrolet','Luv 2300');
Insert into TDIGITAL.VEHICULO (IDVEHICULO,MARCAVEHICULO,MODELOVEHICULO) values ('2','Nissan','March');
Insert into TDIGITAL.VEHICULO (IDVEHICULO,MARCAVEHICULO,MODELOVEHICULO) values ('3','Cadillac','Seville');
Insert into TDIGITAL.VEHICULO (IDVEHICULO,MARCAVEHICULO,MODELOVEHICULO) values ('4','Mercedes Benz','300 e');
Insert into TDIGITAL.VEHICULO (IDVEHICULO,MARCAVEHICULO,MODELOVEHICULO) values ('5','Honda','Accord');
Insert into TDIGITAL.VEHICULO (IDVEHICULO,MARCAVEHICULO,MODELOVEHICULO) values ('6','Camaro','Cobra');
Insert into TDIGITAL.VEHICULO (IDVEHICULO,MARCAVEHICULO,MODELOVEHICULO) values ('7','Volvo','360');
Insert into TDIGITAL.VEHICULO (IDVEHICULO,MARCAVEHICULO,MODELOVEHICULO) values ('8','Alfa Romeo','Giullia');
--------------------------------------------------------
--  DDL for Index SERVICIO_PK
--------------------------------------------------------

  CREATE UNIQUE INDEX "TDIGITAL"."SERVICIO_PK" ON "TDIGITAL"."SERVICIO" ("IDSERVICIO") 
  PCTFREE 10 INITRANS 2 MAXTRANS 255 COMPUTE STATISTICS 
  STORAGE(INITIAL 65536 NEXT 1048576 MINEXTENTS 1 MAXEXTENTS 2147483645
  PCTINCREASE 0 FREELISTS 1 FREELIST GROUPS 1 BUFFER_POOL DEFAULT FLASH_CACHE DEFAULT CELL_FLASH_CACHE DEFAULT)
  TABLESPACE "SYSTEM" ;
--------------------------------------------------------
--  DDL for Index PRESTACIONSERVICIO_PK
--------------------------------------------------------

  CREATE UNIQUE INDEX "TDIGITAL"."PRESTACIONSERVICIO_PK" ON "TDIGITAL"."PRESTACIONSERVICIO" ("IDPRESTACIONSERVICIO") 
  PCTFREE 10 INITRANS 2 MAXTRANS 255 COMPUTE STATISTICS 
  STORAGE(INITIAL 65536 NEXT 1048576 MINEXTENTS 1 MAXEXTENTS 2147483645
  PCTINCREASE 0 FREELISTS 1 FREELIST GROUPS 1 BUFFER_POOL DEFAULT FLASH_CACHE DEFAULT CELL_FLASH_CACHE DEFAULT)
  TABLESPACE "SYSTEM" ;
--------------------------------------------------------
--  DDL for Index EMPLEADO_PK
--------------------------------------------------------

  CREATE UNIQUE INDEX "TDIGITAL"."EMPLEADO_PK" ON "TDIGITAL"."EMPLEADO" ("IDEMPLEADO") 
  PCTFREE 10 INITRANS 2 MAXTRANS 255 COMPUTE STATISTICS 
  STORAGE(INITIAL 65536 NEXT 1048576 MINEXTENTS 1 MAXEXTENTS 2147483645
  PCTINCREASE 0 FREELISTS 1 FREELIST GROUPS 1 BUFFER_POOL DEFAULT FLASH_CACHE DEFAULT CELL_FLASH_CACHE DEFAULT)
  TABLESPACE "SYSTEM" ;
--------------------------------------------------------
--  DDL for Index VEHICULO_PK
--------------------------------------------------------

  CREATE UNIQUE INDEX "TDIGITAL"."VEHICULO_PK" ON "TDIGITAL"."VEHICULO" ("IDVEHICULO") 
  PCTFREE 10 INITRANS 2 MAXTRANS 255 COMPUTE STATISTICS 
  STORAGE(INITIAL 65536 NEXT 1048576 MINEXTENTS 1 MAXEXTENTS 2147483645
  PCTINCREASE 0 FREELISTS 1 FREELIST GROUPS 1 BUFFER_POOL DEFAULT FLASH_CACHE DEFAULT CELL_FLASH_CACHE DEFAULT)
  TABLESPACE "SYSTEM" ;
--------------------------------------------------------
--  Constraints for Table PRESTACIONSERVICIO
--------------------------------------------------------

  ALTER TABLE "TDIGITAL"."PRESTACIONSERVICIO" ADD CONSTRAINT "PRESTACIONSERVICIO_PK" PRIMARY KEY ("IDPRESTACIONSERVICIO")
  USING INDEX PCTFREE 10 INITRANS 2 MAXTRANS 255 COMPUTE STATISTICS 
  STORAGE(INITIAL 65536 NEXT 1048576 MINEXTENTS 1 MAXEXTENTS 2147483645
  PCTINCREASE 0 FREELISTS 1 FREELIST GROUPS 1 BUFFER_POOL DEFAULT FLASH_CACHE DEFAULT CELL_FLASH_CACHE DEFAULT)
  TABLESPACE "SYSTEM"  ENABLE;
  ALTER TABLE "TDIGITAL"."PRESTACIONSERVICIO" MODIFY ("FECHA" NOT NULL ENABLE);
  ALTER TABLE "TDIGITAL"."PRESTACIONSERVICIO" MODIFY ("IDVEHICULO" NOT NULL ENABLE);
  ALTER TABLE "TDIGITAL"."PRESTACIONSERVICIO" MODIFY ("IDEMPLEADO" NOT NULL ENABLE);
  ALTER TABLE "TDIGITAL"."PRESTACIONSERVICIO" MODIFY ("IDSERVICIO" NOT NULL ENABLE);
  ALTER TABLE "TDIGITAL"."PRESTACIONSERVICIO" MODIFY ("IDPRESTACIONSERVICIO" NOT NULL ENABLE);
--------------------------------------------------------
--  Constraints for Table EMPLEADOEJ2
--------------------------------------------------------

  ALTER TABLE "TDIGITAL"."EMPLEADOEJ2" MODIFY ("IDDEPARTAMENTO" NOT NULL ENABLE);
  ALTER TABLE "TDIGITAL"."EMPLEADOEJ2" MODIFY ("TELEFONO" NOT NULL ENABLE);
  ALTER TABLE "TDIGITAL"."EMPLEADOEJ2" MODIFY ("DIRECCION" NOT NULL ENABLE);
  ALTER TABLE "TDIGITAL"."EMPLEADOEJ2" MODIFY ("APELLIDO" NOT NULL ENABLE);
  ALTER TABLE "TDIGITAL"."EMPLEADOEJ2" MODIFY ("NOMBRE" NOT NULL ENABLE);
  ALTER TABLE "TDIGITAL"."EMPLEADOEJ2" MODIFY ("IDEMPLEADO" NOT NULL ENABLE);
--------------------------------------------------------
--  Constraints for Table EMPLEADO
--------------------------------------------------------

  ALTER TABLE "TDIGITAL"."EMPLEADO" ADD CONSTRAINT "EMPLEADO_PK" PRIMARY KEY ("IDEMPLEADO")
  USING INDEX PCTFREE 10 INITRANS 2 MAXTRANS 255 COMPUTE STATISTICS 
  STORAGE(INITIAL 65536 NEXT 1048576 MINEXTENTS 1 MAXEXTENTS 2147483645
  PCTINCREASE 0 FREELISTS 1 FREELIST GROUPS 1 BUFFER_POOL DEFAULT FLASH_CACHE DEFAULT CELL_FLASH_CACHE DEFAULT)
  TABLESPACE "SYSTEM"  ENABLE;
  ALTER TABLE "TDIGITAL"."EMPLEADO" MODIFY ("FECHAINGRESO" NOT NULL ENABLE);
  ALTER TABLE "TDIGITAL"."EMPLEADO" MODIFY ("NOMBREEMPLEADO" NOT NULL ENABLE);
  ALTER TABLE "TDIGITAL"."EMPLEADO" MODIFY ("IDEMPLEADO" NOT NULL ENABLE);
--------------------------------------------------------
--  Constraints for Table VEHICULO
--------------------------------------------------------

  ALTER TABLE "TDIGITAL"."VEHICULO" ADD CONSTRAINT "VEHICULO_PK" PRIMARY KEY ("IDVEHICULO")
  USING INDEX PCTFREE 10 INITRANS 2 MAXTRANS 255 COMPUTE STATISTICS 
  STORAGE(INITIAL 65536 NEXT 1048576 MINEXTENTS 1 MAXEXTENTS 2147483645
  PCTINCREASE 0 FREELISTS 1 FREELIST GROUPS 1 BUFFER_POOL DEFAULT FLASH_CACHE DEFAULT CELL_FLASH_CACHE DEFAULT)
  TABLESPACE "SYSTEM"  ENABLE;
  ALTER TABLE "TDIGITAL"."VEHICULO" MODIFY ("MODELOVEHICULO" NOT NULL ENABLE);
  ALTER TABLE "TDIGITAL"."VEHICULO" MODIFY ("MARCAVEHICULO" NOT NULL ENABLE);
  ALTER TABLE "TDIGITAL"."VEHICULO" MODIFY ("IDVEHICULO" NOT NULL ENABLE);
--------------------------------------------------------
--  Constraints for Table SERVICIO
--------------------------------------------------------

  ALTER TABLE "TDIGITAL"."SERVICIO" ADD CONSTRAINT "SERVICIO_PK" PRIMARY KEY ("IDSERVICIO")
  USING INDEX PCTFREE 10 INITRANS 2 MAXTRANS 255 COMPUTE STATISTICS 
  STORAGE(INITIAL 65536 NEXT 1048576 MINEXTENTS 1 MAXEXTENTS 2147483645
  PCTINCREASE 0 FREELISTS 1 FREELIST GROUPS 1 BUFFER_POOL DEFAULT FLASH_CACHE DEFAULT CELL_FLASH_CACHE DEFAULT)
  TABLESPACE "SYSTEM"  ENABLE;
  ALTER TABLE "TDIGITAL"."SERVICIO" MODIFY ("VALORSERVICIO" NOT NULL ENABLE);
  ALTER TABLE "TDIGITAL"."SERVICIO" MODIFY ("NOMBRESERVICIO" NOT NULL ENABLE);
  ALTER TABLE "TDIGITAL"."SERVICIO" MODIFY ("IDSERVICIO" NOT NULL ENABLE);
--------------------------------------------------------
--  Ref Constraints for Table PRESTACIONSERVICIO
--------------------------------------------------------

  ALTER TABLE "TDIGITAL"."PRESTACIONSERVICIO" ADD CONSTRAINT "PRESTACIONSERVICIO_EMPLEADO_FK" FOREIGN KEY ("EMPLEADO_IDEMPLEADO")
	  REFERENCES "TDIGITAL"."EMPLEADO" ("IDEMPLEADO") ENABLE;
  ALTER TABLE "TDIGITAL"."PRESTACIONSERVICIO" ADD CONSTRAINT "PRESTACIONSERVICIO_SERVICIO_FK" FOREIGN KEY ("SERVICIO_IDSERVICIO")
	  REFERENCES "TDIGITAL"."SERVICIO" ("IDSERVICIO") ENABLE;
  ALTER TABLE "TDIGITAL"."PRESTACIONSERVICIO" ADD CONSTRAINT "PRESTACIONSERVICIO_VEHICULO_FK" FOREIGN KEY ("VEHICULO_IDVEHICULO")
	  REFERENCES "TDIGITAL"."VEHICULO" ("IDVEHICULO") ENABLE;
